local_time,weight_reading
4.048016786575317,2.9
4.963595867156982,6.0
5.877441644668579,5.6
6.792921304702759,6.1
7.707947731018066,7.4
8.622109651565552,6.7
9.537036180496216,6.9
