time,local_time,power,setpoint,temp_outside,temp_inside
0.0,4.05142879486084,0.0,0,0.0,-2.9
0.0,4.966514348983765,0.0,0,0.0,-5.0
0.0,5.881424188613892,0.0,0,0.0,24.2
0.0,6.796210289001465,0.0,0,0.0,31.0
0.0,7.711250305175781,0.0,0,0.0,21.8
0.0,8.62561559677124,0.0,0,0.0,21.7
0.0,9.540467023849487,0.0,0,0.0,19.3
0.0,10.455135822296143,0.0,0,0.0,13.7
